"","Species","Performance metric","MS-OM, Fix M-No cap","NA","NA","NA","NA","NA","NA","NA"
"1","Pollock",230104.331987057,17551.7999080078,0,23076426493.0403,0,0,0,0,1.2514254407267
"2","Arrowtooth flounder",100886.130073083,385.750066519933,0,22975163615.8179,0,0,0,0,0.49709219461057
"3","Cod",29029.6737659776,11235.5173750308,4.83111849390919,279878682.304659,0.0351605758582503,0.0506347887992406,6.92137320044297e-05,0.144656699889258,0.370785133184836
